queries,see results about,ads,dictionary,featured snippets,google scholar,hotline,images,knowledge panel,map,top stories,people also ask,related search,twitter,videos
(f)ae/(f)aer,N,N,N,N,N,N,N,N,N,N,Y,Y,N,N
Abusive relationship cycle,N,N,N,N,N,Y,N,N,N,N,Y,N,N,N
Abusive relationship help MA,N,Y,N,N,N,Y,N,N,Y,N,Y,N,N,N
Abusive relationship help,N,Y,N,N,N,Y,N,N,N,N,Y,N,N,N
Abusive relationship signs,N,Y,N,N,N,Y,N,N,N,N,Y,N,N,N
Abusive relationship types,N,N,N,N,N,Y,N,N,N,N,Y,N,N,N
Abusive relationship,N,Y,N,N,N,N,N,N,N,N,Y,N,N,N
Ace,Y,Y,N,N,N,N,N,Y,Y,N,N,Y,N,Y
Agender,Y,N,N,Y,N,N,N,N,N,N,Y,Y,N,N
Alternate pronouns,N,Y,N,Y,N,N,Y,N,N,N,Y,Y,N,Y
Aro/Ace,N,N,N,Y,N,N,Y,N,N,N,Y,Y,N,Y
Aromantic,Y,N,N,N,N,N,N,N,N,N,Y,Y,N,Y
Asexual,N,N,N,Y,N,N,Y,Y,N,N,Y,Y,Y,Y
Asexuality,Y,N,N,Y,N,N,Y,Y,N,N,Y,Y,N,Y
Attachment styles and cycles of abuse,N,N,N,Y,N,N,N,N,N,N,Y,Y,N,N
Bi,Y,N,Y,N,N,N,Y,Y,Y,N,Y,N,N,Y
Bisexual,N,N,Y,N,N,N,Y,Y,N,Y,Y,N,N,Y
Bisexuality versus pansexuality,N,N,N,Y,N,N,Y,Y,N,N,Y,Y,Y,Y
Cisgender,N,N,Y,N,N,N,Y,Y,N,N,Y,Y,N,Y
Coming out experiences,N,Y,N,N,N,N,N,N,N,N,Y,Y,N,N
Coming out,N,Y,N,N,N,N,N,Y,N,N,N,N,N,N
Communities for victims of partner-based violence,N,N,N,N,N,N,N,N,N,N,Y,N,N,N
Demisexual,N,N,N,Y,N,N,Y,N,N,N,Y,Y,N,Y
Different kinds of domestic abuse,N,N,N,N,N,Y,N,N,N,N,Y,N,N,N
Diversity,N,N,Y,N,N,N,N,Y,Y,N,Y,Y,N,Y
Domestic violence hotlines and resources,N,N,N,N,N,Y,N,N,N,N,N,N,N,N
Domestic violence,N,N,N,N,N,Y,N,N,Y,Y,Y,N,N,N
e/em,N,N,N,N,N,N,Y,N,N,N,Y,Y,N,N
emotional abuse checklist,N,Y,N,N,N,N,N,N,N,N,Y,N,N,N
Emotional vs physical abuse,N,N,N,N,N,Y,N,N,N,N,Y,N,N,N
Gaslighting,N,N,Y,N,N,N,N,Y,N,N,Y,Y,N,Y
Gay,N,N,Y,N,N,N,N,N,Y,Y,N,Y,N,Y
Gender binary,Y,N,N,Y,N,N,N,Y,N,N,Y,Y,N,Y
Gender dysphoria,N,N,N,Y,N,N,N,N,N,N,Y,Y,N,N
Gender expression,Y,N,N,N,N,N,N,Y,N,N,Y,Y,Y,Y
gender identities,Y,Y,N,N,N,N,N,Y,N,N,Y,Y,Y,Y
Gender identity,Y,Y,N,Y,N,N,N,Y,N,N,N,Y,Y,N
Gender neutral/gender inclusive pronouns,N,N,N,Y,N,N,N,N,N,N,Y,Y,N,Y
Gender neutral pronouns,N,N,N,Y,N,N,Y,N,N,N,Y,Y,N,Y
Gender non-conforming,Y,N,N,N,N,N,N,Y,N,N,Y,Y,N,Y
Gender pronouns,N,N,N,Y,N,N,N,Y,N,Y,Y,Y,N,Y
Gender questioning,N,N,N,Y,N,N,Y,N,N,N,Y,Y,N,Y
Gender reassignment surgeries,Y,N,N,N,N,N,N,N,N,Y,Y,N,N,N
Gender reassignment,Y,N,N,Y,N,N,N,Y,N,Y,Y,N,N,N
Gender transitions,N,N,N,Y,N,N,N,N,N,N,Y,N,N,Y
Gender-affirming practices,N,N,N,Y,Y,N,N,N,N,N,Y,N,N,N
Gender-expansive,N,N,N,N,N,N,N,N,N,N,N,N,N,N
Gender-reaffirming resources free,N,N,N,N,N,N,Y,N,N,N,N,N,N,N
Genderfluid,N,N,N,Y,N,N,N,Y,N,N,Y,Y,N,Y
Genderqueer,Y,N,N,Y,N,N,N,Y,N,N,Y,Y,N,Y
he/him,N,N,N,N,N,N,N,Y,N,N,Y,Y,Y,Y
Healing from toxic relationships/emotional abuse,N,Y,N,N,N,N,N,N,N,N,Y,N,N,N
Healthy vs unhealthy love,N,N,N,Y,N,N,Y,N,N,N,Y,Y,N,Y
Hotlines for those in abusive relationships,N,N,N,Y,N,N,N,N,N,N,Y,N,N,N
How become financially independent in a relationship,N,N,N,N,N,N,N,N,N,N,Y,N,N,N
How many women die from domestic violence,N,N,N,N,N,N,N,N,N,N,N,N,N,N
How to be a LGBTQ  ally,N,Y,N,N,N,N,Y,N,N,N,Y,N,Y,N
How to come out,N,Y,N,N,N,N,N,N,N,N,Y,N,N,N
How to create space for LGBTQ  community,N,N,N,N,N,N,N,N,N,N,Y,Y,N,N
How to get out of a toxic relationship,N,Y,N,Y,N,N,N,N,N,N,Y,Y,N,Y
How to have LGBTQ terminology that is less binary,N,N,N,N,N,N,N,N,N,N,N,N,N,N
How to help a friend in an abusive relationship,N,Y,N,Y,N,N,N,N,N,N,Y,N,N,N
How to introduce new pronouns to your friends,N,N,N,Y,N,N,N,N,N,N,Y,N,N,N
How to learn to receive healthy love,N,N,N,Y,N,N,N,N,N,N,Y,N,N,N
How to leave an abusive relationship,N,Y,N,N,N,N,N,N,N,N,Y,N,N,N
How to recognize an abusive partner,N,Y,N,N,N,N,N,N,N,N,Y,N,N,N
How to recognize emotional abuse in relationships,N,Y,N,Y,N,N,N,N,N,N,Y,N,N,N
How to recover from an abusive relationship,N,Y,N,Y,N,N,N,N,N,N,Y,N,N,N
how to tell if you are in a toxic relationship,N,Y,N,Y,N,N,N,N,N,N,Y,Y,N,N
"how to tell if you are in an emotionally abusive relationship",N,Y,N,Y,N,N,N,N,N,N,Y,N,N,N
Inclusion,N,N,N,Y,N,N,N,Y,N,N,Y,Y,N,Y
Intersectionality,N,N,N,Y,N,N,N,Y,N,N,Y,N,Y,Y
Intersex,Y,N,N,Y,N,N,N,Y,N,Y,Y,Y,Y,Y
Is being queer the same as being gay,N,N,N,N,N,N,N,N,N,N,N,N,N,N
Learning about attachment styles,N,N,N,Y,N,N,N,N,N,N,Y,N,N,Y
Lesbian,N,N,N,Y,N,N,N,Y,N,Y,N,N,N,N
LGBTQ,N,Y,N,N,N,N,N,Y,N,Y,Y,Y,N,N
Neopronouns,N,N,N,Y,N,N,N,Y,N,N,Y,Y,N,Y
Non-binary practices in different cultures,N,N,N,N,N,N,N,N,N,N,Y,Y,N,N
Non-binary versus agender,N,N,N,Y,N,N,N,N,N,N,Y,Y,N,N
Non-binary/Gender Queer,N,N,N,N,N,N,N,Y,N,N,N,N,N,N
Non-heterosexual,N,N,N,Y,N,N,Y,Y,N,N,Y,Y,N,N
Nonbinary,N,N,N,Y,N,N,N,Y,N,N,Y,Y,N,Y
Omnigender,Y,N,N,N,N,N,Y,N,N,N,Y,Y,N,N
Omnisexual,N,N,Y,N,N,N,Y,N,N,N,N,Y,N,N
Partner abuse,N,N,N,N,N,N,N,N,N,Y,Y,N,N,N
per/per,N,N,N,Y,N,N,N,N,N,N,Y,Y,N,Y
Pronouns,Y,N,N,N,N,N,N,Y,N,Y,Y,Y,N,Y
Pronouns definition,N,N,Y,N,N,N,N,Y,N,N,Y,Y,N,N
Queer,N,N,Y,N,N,N,N,Y,N,Y,Y,Y,N,N
Queer identities,N,Y,N,Y,N,N,Y,N,N,N,Y,N,N,N
queer identities and pronouns,N,Y,N,Y,N,N,N,N,N,N,Y,Y,N,N
Queer identities definition,N,Y,N,Y,N,N,N,N,N,N,Y,Y,N,N
Resources for reporting partner abuse,N,N,N,N,N,N,N,N,N,N,Y,N,N,N
Safety plan domestic violence,N,Y,N,Y,N,N,N,N,N,N,Y,N,N,N
Sex assigned at birth,N,N,N,Y,N,N,N,N,N,N,Y,Y,N,Y
Sexual Minority,N,N,N,Y,N,N,N,Y,N,N,N,N,N,N
Sexual orientation,N,N,N,Y,N,N,N,Y,N,N,N,Y,N,Y
she/her,N,N,N,N,N,N,N,Y,N,N,Y,Y,N,Y
they/them,N,N,N,N,N,N,N,Y,N,N,Y,Y,N,Y
Toxic relationship,N,Y,N,Y,N,N,N,N,N,N,N,Y,N,N
Toxic relationship patterns,N,N,N,Y,N,N,N,N,N,N,Y,Y,N,Y
Toxic relationship test,N,Y,N,N,N,N,N,N,N,N,Y,Y,N,N
Trans,Y,N,N,N,N,N,Y,N,N,Y,Y,Y,N,Y
Transgender,Y,N,Y,N,N,N,N,Y,N,Y,N,N,N,N
Two-spirit,N,N,N,Y,N,N,N,Y,N,N,Y,Y,N,Y
ve/ver,N,N,N,Y,N,N,N,N,N,N,Y,Y,N,N
What are characteristics of a toxic relationship,N,Y,N,Y,N,N,N,N,N,N,Y,Y,N,N
What are types of partner-based violence,N,N,N,Y,N,N,N,N,N,N,Y,Y,N,N
How to tell if you are in a toxic relationship,N,Y,N,N,N,N,N,N,N,N,Y,Y,N,Y
How to tell if you are in an emotionally abusive relationship,N,Y,N,N,N,N,N,N,N,N,Y,Y,N,Y
queer identities,N,N,N,N,N,N,Y,Y,N,N,N,Y,N,Y
xe/xem,N,N,N,N,N,N,Y,N,N,N,N,Y,N,N
ze/hir,N,N,N,N,N,N,Y,N,N,N,Y,Y,N,Y